{
  "images" : [
    {
      "idiom" : "universal",
      "filename" : "Жаркое с паровым картофелем.jpeg",
      "scale" : "1x"
    },
    {
      "idiom" : "universal",
      "filename" : "Жаркое с паровым картофелем@2x.jpeg",
      "scale" : "2x"
    },
    {
      "idiom" : "universal",
      "filename" : "Жаркое с паровым картофелем@3x.jpeg",
      "scale" : "3x"
    }
  ],
  "info" : {
    "version" : 1,
    "author" : "xcode"
  }
}